{
  "procedure": {
    "n_total_in_gold": 200,
    "n_excluded_uncertain_or_outside": 2,
    "n_evaluated": 198,
    "tp": 64,
    "tn": 89,
    "fp": 37,
    "fn": 10,
    "fp_fn_dual_count": 2,
    "precision": 0.6336633663366337,
    "precision_ci": [
      0.5364085906465472,
      0.721122770950376
    ],
    "recall": 0.8648648648648649,
    "recall_ci": [
      0.768806149375471,
      0.9249103209951277
    ],
    "f1": 0.7314285714285713,
    "f1_ci": [
      0.650887573964497,
      0.8023952095808382
    ],
    "accuracy": 0.7727272727272727,
    "accuracy_ci": [
      0.7094893733307805,
      0.8255836740489468
    ],
    "predicted_match": 101,
    "predicted_no_match": 97,
    "by_method": {
      "ai_high": {
        "n": 40,
        "correct": 15,
        "wrong": 25,
        "precision": 0.375,
        "precision_ci": [
          0.2422277353579172,
          0.529678399454681
        ]
      },
      "aia_keyword": {
        "n": 1,
        "correct": 0,
        "wrong": 1,
        "precision": 0.0,
        "precision_ci": [
          0.0,
          0.7934567085261071
        ]
      },
      "alias_exact": {
        "n": 19,
        "correct": 13,
        "wrong": 6,
        "precision": 0.6842105263157895,
        "precision_ci": [
          0.4601001017506463,
          0.846358289955714
        ]
      },
      "exact_id": {
        "n": 41,
        "correct": 36,
        "wrong": 5,
        "precision": 0.8780487804878049,
        "precision_ci": [
          0.7445549235115514,
          0.9467674200265919
        ]
      },
      "no_match": {
        "n": 97,
        "correct": 89,
        "wrong": 8,
        "precision": 0.9175257731958762,
        "precision_ci": [
          0.8456221298338819,
          0.9576178028922945
        ]
      }
    },
    "by_source": {
      "lobbying": {
        "n_total_in_gold": 107,
        "n_excluded_uncertain_or_outside": 0,
        "n_evaluated": 107,
        "tp": 42,
        "tn": 47,
        "fp": 14,
        "fn": 6,
        "fp_fn_dual_count": 2,
        "precision": 0.75,
        "precision_ci": [
          0.6230710799856808,
          0.8448308477702616
        ],
        "recall": 0.875,
        "recall_ci": [
          0.7529927291394518,
          0.9414302824959915
        ],
        "f1": 0.8076923076923077,
        "f1_ci": [
          0.7083333333333334,
          0.8869565217391304
        ],
        "accuracy": 0.8317757009345794,
        "accuracy_ci": [
          0.749694958471902,
          0.8908587686486015
        ],
        "predicted_match": 56,
        "predicted_no_match": 51,
        "by_method": {
          "ai_high": {
            "n": 3,
            "correct": 0,
            "wrong": 3,
            "precision": 0.0,
            "precision_ci": [
              0.0,
              0.5615060804490177
            ]
          },
          "aia_keyword": {
            "n": 1,
            "correct": 0,
            "wrong": 1,
            "precision": 0.0,
            "precision_ci": [
              0.0,
              0.7934567085261071
            ]
          },
          "alias_exact": {
            "n": 11,
            "correct": 6,
            "wrong": 5,
            "precision": 0.5454545454545454,
            "precision_ci": [
              0.28008775568998817,
              0.7872904245601196
            ]
          },
          "exact_id": {
            "n": 41,
            "correct": 36,
            "wrong": 5,
            "precision": 0.8780487804878049,
            "precision_ci": [
              0.7445549235115514,
              0.9467674200265919
            ]
          },
          "no_match": {
            "n": 51,
            "correct": 47,
            "wrong": 4,
            "precision": 0.9215686274509803,
            "precision_ci": [
              0.8149980177513917,
              0.9690783038730685
            ]
          }
        }
      },
      "commission": {
        "n_total_in_gold": 93,
        "n_excluded_uncertain_or_outside": 2,
        "n_evaluated": 91,
        "tp": 22,
        "tn": 42,
        "fp": 23,
        "fn": 4,
        "fp_fn_dual_count": 0,
        "precision": 0.4888888888888889,
        "precision_ci": [
          0.3495678935302451,
          0.6299577567351026
        ],
        "recall": 0.8461538461538461,
        "recall_ci": [
          0.6646841558168644,
          0.9385006600107053
        ],
        "f1": 0.6197183098591549,
        "f1_ci": [
          0.4705882352941177,
          0.7435897435897436
        ],
        "accuracy": 0.7032967032967034,
        "accuracy_ci": [
          0.6027577176380822,
          0.7873664472853271
        ],
        "predicted_match": 45,
        "predicted_no_match": 46,
        "by_method": {
          "ai_high": {
            "n": 37,
            "correct": 15,
            "wrong": 22,
            "precision": 0.40540540540540543,
            "precision_ci": [
              0.26346295839940137,
              0.565143168686707
            ]
          },
          "alias_exact": {
            "n": 8,
            "correct": 7,
            "wrong": 1,
            "precision": 0.875,
            "precision_ci": [
              0.5291051942301386,
              0.9775830911367038
            ]
          },
          "no_match": {
            "n": 46,
            "correct": 42,
            "wrong": 4,
            "precision": 0.9130434782608695,
            "precision_ci": [
              0.796750643647758,
              0.9656646881232924
            ]
          }
        }
      }
    }
  }
}