model,variant,mrr,R@1,R@3,R@5,R@10
multilingual-e5-large,actual,0.31671200945462935,0.20607028753993611,0.36421725239616615,0.42971246006389774,0.5143769968051118
multilingual-e5-large,strict,0.3354895781542281,0.23322683706070288,0.365814696485623,0.43130990415335463,0.5319488817891374
multilingual-e5-large-instruct,actual,0.23937194226848774,0.13738019169329074,0.26677316293929715,0.3258785942492013,0.43450479233226835
multilingual-e5-large-instruct,strict,0.2572734827431089,0.1501597444089457,0.28913738019169327,0.35782747603833864,0.4504792332268371
